Strain_name,Subtype,Blinded Number,Organism Name provided by collaborator,Updated Organism Name (names that changed are in blue),Special Note_JCVIs,Complete/Draft,CEIRS Sample ID,UPDATED?,Age,Age_Brandt,Age_final,Sex,Species,SPECIES_CORRECT,Species_final,Band#,Webtag#,BroodID,NestID,CollectionDate,Latitude,Longitude,SampleType,,,,,,,,,,,,
A/northern pintail/Interior Alaska/10BM03314/2010,H4N4,NIGSP_CEIRS_CIP105_RUNC_00058,Influenza A virus (A/northern pintail/Interior Alaska/10BM03314/2010(HN)),Influenza A virus (A/northern pintail/Interior Alaska/10BM03314/2010(H4N4)),,Complete,10BM03314,Y,After hatch year,AHY,,F,Northern pintail,Northern pintail,Northern pintail,1146-21172,N/A,N/A,N/A,6-Jul-2010,64.87021,-148.84309,Oral-pharyengeal,,,,,,,,,,,,
A/mallard/Interior Alaska/10BM12027/2010,H12N5,NIGSP_CEIRS_CIP105_RUNC_00061,Influenza A virus (A/mallard/Interior Alaska/10BM12027/2010(HN)),Influenza A virus (A/mallard/Interior Alaska/10BM12027/2010(H12N5)),,Complete,10BM12027,Y,Hatch year,HY,,M,Mallard,Mallard,Mallard,1927-10646,N/A,N/A,N/A,13-Aug-2010,64.93499,-148.81372,Cloaca,,,,,,,,,,,,
A/northern pintail/Interior Alaska/10BM12537/2010,H12N5,NIGSP_CEIRS_CIP105_RUNC_00062,Influenza A virus (A/northern pintail/Interior Alaska/10BM12537/2010(HN)),Influenza A virus (A/northern pintail/Interior Alaska/10BM12537/2010(H12N5)),,Complete,10BM12537,Y,Hatch year,HY,,M,Northern pintail,Northern pintail,Northern pintail,1146-21675,N/A,N/A,N/A,14-Aug-2010,64.89604,-148.84413,Cloaca,,,,,,,,,,,,
A/mallard/Interior Alaska/10BM13225/2010,H12N5,NIGSP_CEIRS_CIP105_RUNC_00064,Influenza A virus (A/mallard/Interior Alaska/10BM13225/2010(HN)),Influenza A virus (A/mallard/Interior Alaska/10BM13225/2010(H12N5)),,Complete,10BM13225,Y,Hatch year,HY,,M,Mallard,Mallard,Mallard,1917-42305,N/A,N/A,N/A,15-Aug-2010,64.89604,-148.84413,Cloaca,,,,,,,,,,,,
A/mallard/Interior Alaska/10BM13335/2010,H12N5,NIGSP_CEIRS_CIP105_RUNC_00065,Influenza A virus (A/mallard/Interior Alaska/10BM13335/2010(HN)),Influenza A virus (A/mallard/Interior Alaska/10BM13335/2010(H12N5)),,Complete,10BM13335,Y,Hatch year,HY,,F,Mallard,Mallard,Mallard,1837-23971,N/A,N/A,N/A,15-Aug-2010,64.89604,-148.84413,Cloaca,,,,,,,,,,,,
A/northern pintail/Interior Alaska/10BM13543/2010,H12N5,NIGSP_CEIRS_CIP105_RUNC_00066,Influenza A virus (A/Northern pintail/Interior Alaska/10BM13543/2010(HN)),Influenza A virus (A/northern pintail/Interior Alaska/10BM13543/2010(H12N5)),,Complete,10BM13543,Y,Hatch year,HY,,M,Northern pintail,Northern pintail,Northern pintail,1146-86655,N/A,N/A,N/A,15-Aug-2010,64.90723,-148.83553,Cloaca,,,,,,,,,,,,
A/northern pintail/Interior Alaska/10BM15017/2010,H12N5,NIGSP_CEIRS_CIP105_RUNC_00070,Influenza A virus (A/Northern pintail/Interior Alaska/10BM15017/2010(HN)),Influenza A virus (A/northern pintail/Interior Alaska/10BM15017/2010(H12N5)),,Complete,10BM15017,Y,Hatch year,HY,,M,Northern pintail,Northern pintail,Northern pintail,1146-21851,N/A,N/A,N/A,18-Aug-2010,64.89761,-148.87336,Cloaca,,,,,,,,,,,,
A/American green-winged teal/Interior Alaska/11BM00293/2011,H10N5,NIGSP_CEIRS_CIP105_RUNC_00074,Influenza A virus (A/American green-winged teal/Interior Alaska/11BM00293/2011(H10N5)),Influenza A virus (A/American green-winged teal/Interior Alaska/11BM00293/2011(H10N5)),,Complete,11BM00293,Y,After hatch year,AHY,,M,American green-winged teal,American green-winged teal,American green-winged teal,914-43114,N/A,N/A,N/A,7-Jul-2011,64.87455,-148.85523,Cloaca,,,,,,,,,,,,
A/American green-winged teal/Interior Alaska/11BM00304/2011,H10N5,NIGSP_CEIRS_CIP105_RUNC_00075,Influenza A virus (A/American green-winged teal/Interior Alaska/11BM00304/2011(H10N5)),Influenza A virus (A/American green-winged teal/Interior Alaska/11BM00304/2011(H10N5)),,Complete,11BM00304,Y,After hatch year,AHY,,M,American green-winged teal,American green-winged teal,American green-winged teal,914-43119,N/A,N/A,N/A,7-Jul-2011,64.87455,-148.85523,Oral-pharyengeal,,,,,,,,,,,,
A/mallard/Interior Alaska/11BM01009/2011,H12N5,NIGSP_CEIRS_CIP105_RUNC_00076,Influenza A virus (A/mallard/Interior Alaska/11BM01009/2011(H12N5)),Influenza A virus (A/mallard/Interior Alaska/11BM01009/2011(H12N5)),,Complete,11BM01009,Y,After hatch year,AHY,,M,Mallard,Mallard,Mallard,1927-10973,N/A,N/A,N/A,30-Jul-2011,64.93685,-148.80327,Cloaca,,,,,,,,,,,,
A/mallard/Interior Alaska/11BM01179/2011,H4N6,NIGSP_CEIRS_CIP105_RUNC_00077,Influenza A virus (A/mallard/Interior Alaska/11BM01179/2011(H4N6)),Influenza A virus (A/mallard/Interior Alaska/11BM01179/2011(H4N6)),,Complete,11BM01179,Y,After hatch year,AHY,,M,Mallard,Mallard,Mallard,1927-62511,N/A,N/A,N/A,2-Aug-2011,64.93685,-148.80327,Oral-pharyengeal,,,,,,,,,,,,
A/mallard/Interior Alaska/11BM01180/2011,H4N6,NIGSP_CEIRS_CIP105_RUNC_00078,Influenza A virus (A/mallard/Interior Alaska/11BM01180/2011(H4N6)),Influenza A virus (A/mallard/Interior Alaska/11BM01180/2011(H4N6)),,Complete,11BM01180,Y,Hatch year,HY,,M,Mallard,Mallard,Mallard,1927-62512,N/A,N/A,N/A,2-Aug-2011,64.93685,-148.80327,Cloaca,,,,,,,,,,,,
A/mallard/Interior Alaska/11BM01254/2011,H3N8,NIGSP_CEIRS_CIP105_RUNC_00079,Influenza A virus (A/mallard/Interior Alaska/11BM01254/2011(H3N8)),Influenza A virus (A/mallard/Interior Alaska/11BM01254/2011(H3N8)),,Complete,11BM01254,Y,Hatch year,HY,,M,Mallard,Northern pintail,Northern pintail,1196-73141,N/A,N/A,N/A,3-Aug-2011,64.90034,-148.83891,Cloaca,,,,,,,,,,,,
A/mallard/Interior Alaska/11BM01255/2011,H3N8,NIGSP_CEIRS_CIP105_RUNC_00080,Influenza A virus (A/mallard/Interior Alaska/11BM01255/2011(H3N8)),Influenza A virus (A/mallard/Interior Alaska/11BM01255/2011(H3N8)),,Complete,11BM01255,Y,Hatch year,HY,,M,Mallard,Northern pintail,Northern pintail,1196-73141,N/A,N/A,N/A,3-Aug-2011,64.90034,-148.83891,Oral-pharyengeal,,,,,,,,,,,,
A/mallard/Interior Alaska/11BM02089/2011,H4N6,NIGSP_CEIRS_CIP105_RUNC_00081,Influenza A virus (A/mallard/Interior Alaska/11BM02089/2011(H4)),Influenza A virus (A/mallard/Interior Alaska/11BM02089/2011(H4N6)),,Complete,11BM02089,Y,After hatch year,AHY,,M,Mallard,Mallard,Mallard,1927-62722,N/A,N/A,N/A,7-Aug-2011,64.95459,-148.78583,Cloaca,,,,,,,,,,,,
A/mallard/Interior Alaska/11BM02099/2011,H4N6,NIGSP_CEIRS_CIP105_RUNC_00082,Influenza A virus (A/mallard/Interior Alaska/11BM02099/2011(H4)),Influenza A virus (A/mallard/Interior Alaska/11BM02099/2011(H4N6)),,Complete,11BM02099,Y,After hatch year,AHY,,M,Mallard,Mallard,Mallard,1927-62727,N/A,N/A,N/A,7-Aug-2011,64.95459,-148.78583,Cloaca,,,,,,,,,,,,
A/American green-winged teal/Interior Alaska/11BM02195/2011,H4N6,NIGSP_CEIRS_CIP105_RUNC_00083,Influenza A virus (A/American green-winged teal/Interior Alaska/11BM02195/2011(H4)),Influenza A virus (A/American green-winged teal/Interior Alaska/11BM02195/2011(H4N6)),,Complete,11BM02195,Y,Hatch year,HY,,F,American green-winged teal,American green-winged teal,American green-winged teal,894-60463,N/A,N/A,N/A,8-Aug-2011,64.90927,-148.80177,Cloaca,,,,,,,,,,,,
A/mallard/Interior Alaska/11BM02557/2011,H4N6,NIGSP_CEIRS_CIP105_RUNC_00084,Influenza A virus (A/mallard/Interior Alaska/11BM02557/2011(H4)),Influenza A virus (A/mallard/Interior Alaska/11BM02557/2011(H4N6)),,Complete,11BM02557,Y,After hatch year,AHY,,M,Mallard,Mallard,Mallard,1927-62853,N/A,N/A,N/A,10-Aug-2011,64.95459,-148.78583,Cloaca,,,,,,,,,,,,
A/mallard/Interior Alaska/11BM02703/2011,H4N6,NIGSP_CEIRS_CIP105_RUNC_00085,Influenza A virus (A/mallard/Interior Alaska/11BM02703/2011(H4)),Influenza A virus (A/mallard/Interior Alaska/11BM02703/2011(H4N6)),,Complete,11BM02703,Y,Hatch year,HY,,F,Mallard,Northern pintail,Northern pintail,1196-73416,N/A,N/A,N/A,12-Aug-2011,64.92165,-148.81203,Cloaca,,,,,,,,,,,,
A/mallard/Interior Alaska/11BM02923/2011,H3N8,NIGSP_CEIRS_CIP105_RUNC_00086,Influenza A virus (A/mallard/Interior Alaska/11BM02923/2011(H3N8)),Influenza A virus (A/mallard/Interior Alaska/11BM02923/2011(H3N8)),,Complete,11BM02923,Y,Hatch year,HY,,F,Mallard,Northern pintail,Northern pintail,1196-73477,N/A,N/A,N/A,14-Aug-2011,64.89782,-148.81429,Cloaca,,,,,,,,,,,,
A/mallard/Interior Alaska/11BM02987/2011,H2N6,NIGSP_CEIRS_CIP105_RUNC_00087,Influenza A virus (A/mallard/Interior Alaska/11BM02987/2011(H2)),Influenza A virus (A/mallard/Interior Alaska/11BM02987/2011(H2N6)),,Complete,11BM02987,Y,Hatch year,HY,,M,Mallard,Mallard,Mallard,1927-62931,N/A,N/A,N/A,14-Aug-2011,64.92165,-148.81203,Cloaca,,,,,,,,,,,,
A/mallard/Interior Alaska/11BM02991/2011,H4N6,NIGSP_CEIRS_CIP105_RUNC_00088,Influenza A virus (A/mallard/Interior Alaska/11BM02991/2011(H4)),Influenza A virus (A/mallard/Interior Alaska/11BM02991/2011(H4N6)),,Complete,11BM02991,Y,Hatch year,HY,,F,Mallard,Mallard,Mallard,1927-62933,N/A,N/A,N/A,14-Aug-2011,64.92165,-148.81203,Cloaca,,,,,,,,,,,,
A/mallard/Interior Alaska/11BM03102/2011,H4N6,NIGSP_CEIRS_CIP105_RUNC_00089,Influenza A virus (A/mallard/Interior Alaska/11BM03102/2011(HN)),Influenza A virus (A/mallard/Interior Alaska/11BM03102/2011(H4N6)),,Complete,11BM03102,Y,Hatch year,HY,,M,Mallard,Mallard,Mallard,1927-62512,N/A,N/A,N/A,15-Aug-2011,64.92165,-148.81203,Oral-pharyengeal,,,,,,,,,,,,
A/American green-winged teal/Interior Alaska/11BM03165/2011,H2N9,NIGSP_CEIRS_CIP105_RUNC_00090,Influenza A virus (A/American green-winged teal/Interior Alaska/11BM03165/2011(HN)),Influenza A virus (A/American green-winged teal/Interior Alaska/11BM03165/2011(H2N9)),,Complete,11BM03165,Y,Hatch year,HY,,F,American green-winged teal,American green-winged teal,American green-winged teal,914-43349,N/A,N/A,N/A,15-Aug-2011,64.9,-148.76,Cloaca,,,,,,,,,,,,
A/American green-winged teal/Interior Alaska/11BM03166/2011,H2N9,NIGSP_CEIRS_CIP105_RUNC_00091,Influenza A virus (A/American green-winged teal/Interior Alaska/11BM03166/2011(H2N9)),Influenza A virus (A/American green-winged teal/Interior Alaska/11BM03166/2011(H2N9)),,Complete,11BM03166,Y,Hatch year,HY,,F,American green-winged teal,American green-winged teal,American green-winged teal,914-43349,N/A,N/A,N/A,15-Aug-2011,64.9,-148.76,Oral-pharyengeal,,,,,,,,,,,,
A/mallard/Interior Alaska/11BM03436/2011,H2N9,NIGSP_CEIRS_CIP105_RUNC_00092,Influenza A virus (A/mallard/Interior Alaska/11BM03436/2011(H2)),Influenza A virus (A/mallard/Interior Alaska/11BM03436/2011(H2N9)),,Complete,11BM03436,Y,Hatch year,HY,HY,M,Mallard,Northern pintail,Northern pintail,1196-73233,N/A,N/A,N/A,18-Aug-2011,64.89782,-148.81429,Oral-pharyengeal,,,,,,,,,,,,
A/American green-winged teal/Interior Alaska/11BM03443/2011,mixed,NIGSP_CEIRS_CIP105_RUNC_00093,Influenza A virus (A/American green-winged teal/Interior Alaska/11BM03443/2011(H4)),Influenza A virus (A/American green-winged teal/Interior Alaska/11BM03443/2011(mixed)),"Sequence data indicate that the sample was mix-infected, and the genotype is H4N6,9.",Complete,11BM03443,Y,After hatch year,AHY,AHY,F,American green-winged teal,American green-winged teal,American green-winged teal,994-07352,N/A,N/A,N/A,18-Aug-2011,64.90927,-148.80177,Cloaca,,,,,,,,,,,,
A/American green-winged teal/Interior Alaska/11BM03479/2011,H4N6,NIGSP_CEIRS_CIP105_RUNC_00094,Influenza A virus (A/American green-winged teal/Interior Alaska/11BM03479/2011(H4)),Influenza A virus (A/American green-winged teal/Interior Alaska/11BM03479/2011(H4N6)),,Complete,11BM03479,Y,Hatch year,HY,HY,F,American green-winged teal,American green-winged teal,American green-winged teal,994-04972,N/A,N/A,N/A,18-Aug-2011,64.87455,-148.85523,Cloaca,,,,,,,,,,,,
A/mallard/Interior Alaska/11BM03577/2011,H7N3,NIGSP_CEIRS_CIP105_RUNC_00096,Influenza A virus (A/mallard/Interior Alaska/11BM03577/2011(H7)),Influenza A virus (A/mallard/Interior Alaska/11BM03577/2011(H7N3)),,Complete,11BM03577,Y,Hatch year,HY,HY,M,Mallard,Mallard,Mallard,1927-63085,N/A,N/A,N/A,20-Aug-2011,64.89761,-148.87336,Cloaca,,,,,,,,,,,,
A/mallard/Interior Alaska/11BM03591/2011,H2N9,NIGSP_CEIRS_CIP105_RUNC_00097,Influenza A virus (A/mallard/Interior Alaska/11BM03591/2011(HN)),Influenza A virus (A/mallard/Interior Alaska/11BM03591/2011(H2N9)),,Complete,11BM03591,Y,Hatch year,HY,HY,M,Mallard,Mallard,Mallard,1927-63086,N/A,N/A,N/A,20-Aug-2011,64.92165,-148.81203,Cloaca,,,,,,,,,,,,
A/mallard/Interior Alaska/11BM03593/2011,H2N9,NIGSP_CEIRS_CIP105_RUNC_00098,Influenza A virus (A/mallard/Interior Alaska/11BM03593/2011(H2)),Influenza A virus (A/mallard/Interior Alaska/11BM03593/2011(H2N9)),,Complete,11BM03593,Y,Hatch year,HY,HY,M,Mallard,Mallard,Mallard,1927-63087,N/A,N/A,N/A,20-Aug-2011,64.92165,-148.81203,Cloaca,,,,,,,,,,,,
A/mallard/Interior Alaska/11BM03599/2011,H4N6,NIGSP_CEIRS_CIP105_RUNC_00099,Influenza A virus (A/mallard/Interior Alaska/11BM03599/2011(H4)),Influenza A virus (A/mallard/Interior Alaska/11BM03599/2011(H4N6)),,Complete,11BM03599,Y,Hatch year,HY,HY,M,Mallard,Mallard,Mallard,1927-63090,N/A,N/A,N/A,20-Aug-2011,64.92165,-148.81203,Cloaca,,,,,,,,,,,,
A/American green-winged teal/Interior Alaska/11BM03657/2011,H3N8,NIGSP_CEIRS_CIP105_RUNC_00100,Influenza A virus (A/American green-winged teal/Interior Alaska/11BM03657/2011(H3)),Influenza A virus (A/American green-winged teal/Interior Alaska/11BM03657/2011(H3N8)),,Complete,11BM03657,Y,Hatch year,HY,HY,F,American green-winged teal,American green-winged teal,American green-winged teal,N/A,N/A,N/A,N/A,1-Sep-2011,64.90927,-148.80177,Cloaca,,,,,,,,,,,,
A/American green-winged teal/Interior Alaska/11BM03661/2011,H3N8,NIGSP_CEIRS_CIP105_RUNC_00101,Influenza A virus (A/American green-winged teal/Interior Alaska/11BM03661/2011(H3)),Influenza A virus (A/American green-winged teal/Interior Alaska/11BM03661/2011(H3N8)),,Complete,11BM03661,Y,Hatch year,HY,HY,M,American green-winged teal,American green-winged teal,American green-winged teal,N/A,N/A,N/A,N/A,1-Sep-2011,64.90927,-148.80177,Cloaca,,,,,,,,,,,,
A/mallard/Interior Alaska/11BM03735/2011,H4N6,NIGSP_CEIRS_CIP105_RUNC_00102,Influenza A virus (A/mallard/Interior Alaska/11BM03735/2011(H4)),Influenza A virus (A/mallard/Interior Alaska/11BM03735/2011(H4N6)),,Complete,11BM03735,Y,Hatch year,HY,HY,F,Mallard,Mallard,Mallard,N/A,N/A,N/A,N/A,2-Sep-2011,64.91501,-148.86552,Cloaca,,,,,,,,,,,,
A/mallard/Interior Alaska/11BM03819/2011,H3N8,NIGSP_CEIRS_CIP105_RUNC_00103,Influenza A virus (A/mallard/Interior Alaska/11BM03819/2011(H3)),Influenza A virus (A/mallard/Interior Alaska/11BM03819/2011(H3N8)),,Complete,11BM03819,Y,Hatch year,HY,HY,F,Mallard,Mallard,Mallard,1096-79292,N/A,N/A,N/A,3-Sep-2011,64.89559,-148.82798,Cloaca,,,,,,,,,,,,
A/northern shoveler/Interior Alaska/11BM03855/2011,H3N8,NIGSP_CEIRS_CIP105_RUNC_00104,Influenza A virus (A/Northern shoveler/Interior Alaska/11BM03855/2011(H3)),Influenza A virus (A/northern shoveler/Interior Alaska/11BM03855/2011(H3N8)),,Complete,11BM03855,Y,Hatch year,HY,HY,M,Northern shoveler,Northern shoveler,Northern shoveler,N/A,N/A,N/A,N/A,3-Sep-2011,64.89559,-148.82798,Cloaca,,,,,,,,,,,,
A/mallard/Interior Alaska/11BM03859/2011,mixed,NIGSP_CEIRS_CIP105_RUNC_00105,Influenza A virus (A/mallard/Interior Alaska/11BM03859/2011(H3)),Influenza A virus (A/mallard/Interior Alaska/11BM03859/2011(mixed)),"Sequence data indicate that the sample was mix-infected, and the genotype is H3,4N6,8.",Complete,11BM03859,Y,Hatch year,HY,HY,M,Mallard,Mallard,Mallard,N/A,N/A,N/A,N/A,3-Sep-2011,64.89559,-148.82798,Cloaca,,,,,,,,,,,,
A/northern shoveler/Interior Alaska/11BM03861/2011,H3N8,NIGSP_CEIRS_CIP105_RUNC_00106,Influenza A virus (A/Northern shoveler/Interior Alaska/11BM03861/2011(H3)),Influenza A virus (A/northern shoveler/Interior Alaska/11BM03861/2011(H3N8)),,Complete,11BM03861,Y,Hatch year,HY,HY,M,Northern shoveler,Northern shoveler,Northern shoveler,N/A,N/A,N/A,N/A,3-Sep-2011,64.89559,-148.82798,Cloaca,,,,,,,,,,,,
A/northern shoveler/Interior Alaska/11BM03889/2011,H3N8,NIGSP_CEIRS_CIP105_RUNC_00107,Influenza A virus (A/Northern shoveler/Interior Alaska/11BM03889/2011(H3)),Influenza A virus (A/northern shoveler/Interior Alaska/11BM03889/2011(H3N8)),,Complete,11BM03889,Y,Hatch year,HY,HY,F,Northern shoveler,Northern shoveler,Northern shoveler,N/A,N/A,N/A,N/A,3-Sep-2011,64.89559,-148.82798,Cloaca,,,,,,,,,,,,
A/American green-winged teal/Interior Alaska/11BM03897/2011,H3N8,NIGSP_CEIRS_CIP105_RUNC_00108,Influenza A virus (A/American green-winged teal/Interior Alaska/11BM03897/2011(H3)),Influenza A virus (A/American green-winged teal/Interior Alaska/11BM03897/2011(H3N8)),,Complete,11BM03897,Y,Hatch year,HY,HY,M,American green-winged teal,American green-winged teal,American green-winged teal,N/A,N/A,N/A,N/A,4-Sep-2011,64.90871,-148.81736,Cloaca,,,,,,,,,,,,
A/American green-winged teal/Interior Alaska/11BM03899/2011,H3N8,NIGSP_CEIRS_CIP105_RUNC_00109,Influenza A virus (A/American green-winged teal/Interior Alaska/11BM03899/2011(HN)),Influenza A virus (A/American green-winged teal/Interior Alaska/11BM03899/2011(H3N8)),,Complete,11BM03899,Y,Hatch year,HY,HY,F,American green-winged teal,American green-winged teal,American green-winged teal,N/A,N/A,N/A,N/A,4-Sep-2011,64.90871,-148.81736,Cloaca,,,,,,,,,,,,
A/mallard/Interior Alaska/11BM03901/2011,H4N6,NIGSP_CEIRS_CIP105_RUNC_00110,Influenza A virus (A/mallard/Interior Alaska/11BM03901/2011(H4)),Influenza A virus (A/mallard/Interior Alaska/11BM03901/2011(H4N6)),,Complete,11BM03901,Y,Hatch year,HY,HY,F,Mallard,Mallard,Mallard,N/A,N/A,N/A,N/A,4-Sep-2011,64.90927,-148.80177,Cloaca,,,,,,,,,,,,
A/mallard/Interior Alaska/11BM03911/2011,H3N8,NIGSP_CEIRS_CIP105_RUNC_00111,Influenza A virus (A/mallard/Interior Alaska/11BM03911/2011(H3)),Influenza A virus (A/mallard/Interior Alaska/11BM03911/2011(H3N8)),,Complete,11BM03911,Y,Hatch year,HY,HY,F,Mallard,Mallard,Mallard,1927-62956,N/A,N/A,N/A,4-Sep-2011,64.90927,-148.80177,Cloaca,,,,,,,,,,,,
A/mallard/Interior Alaska/11BM03913/2011,H2N9,NIGSP_CEIRS_CIP105_RUNC_00112,Influenza A virus (A/mallard/Interior Alaska/11BM03913/2011(H2)),Influenza A virus (A/mallard/Interior Alaska/11BM03913/2011(H2N9)),,Complete,11BM03913,Y,Hatch year,HY,HY,F,Mallard,Mallard,Mallard,N/A,N/A,N/A,N/A,4-Sep-2011,64.90927,-148.80177,Cloaca,,,,,,,,,,,,
A/mallard/Interior Alaska/11CH00001/2011,mixed,NIGSP_CEIRS_CIP105_RUNC_00113,"Influenza A virus (A/mallard/Interior Alaska/11CH00001/2011(H3N6,N8))",Influenza A virus (A/mallard/Interior Alaska/11CH00001/2011(mixed)),"Sequence data indicate that the sample was mix-infected, and the genotype is H3N6,8.",Complete,11CH00001,Y,Hatch year,HY,HY,F,Mallard,Mallard,Mallard,N/A,N/A,N/A,N/A,9-Sep-2011,65.00944,-149.54833,Cloaca,,,,,,,,,,,,
A/mallard/Interior Alaska/11CH00007/2011,H4N6,NIGSP_CEIRS_CIP105_RUNC_00114,Influenza A virus (A/mallard/Interior Alaska/11CH00007/2011(H4)),Influenza A virus (A/mallard/Interior Alaska/11CH00007/2011(H4N6)),,Complete,11CH00007,Y,Hatch year,HY,HY,F,Mallard,Mallard,Mallard,N/A,N/A,N/A,N/A,9-Sep-2011,65.00944,-149.54833,Cloaca,,,,,,,,,,,,
A/American wigeon/Interior Alaska/11CH00010/2011,H4N6,NIGSP_CEIRS_CIP105_RUNC_00115,Influenza A virus (A/American wigeon/Interior Alaska/11CH00010/2011(H4)),Influenza A virus (A/American wigeon/Interior Alaska/11CH00010/2011(H4N6)),,Complete,11CH00010,Y,After hatch year,AHY,AHY,F,American wigeon,American wigeon,American wigeon,N/A,N/A,N/A,N/A,9-Sep-2011,65.00944,-149.54833,Cloaca,,,,,,,,,,,,
A/mallard/Interior Alaska/11CH00017/2011,mixed,NIGSP_CEIRS_CIP105_RUNC_00116,"Influenza A virus (A/mallard/Interior Alaska/11CH00017/2011(H3N6,N8))",Influenza A virus (A/mallard/Interior Alaska/11CH00017/2011(mixed)),"Sequence data indicate that the sample was mix-infected, and the genotype is H3,4N6,8.",Complete,11CH00017,Y,Hatch year,HY,HY,M,Mallard,Mallard,Mallard,N/A,N/A,N/A,N/A,9-Sep-2011,65.00944,-149.54833,Cloaca,,,,,,,,,,,,
A/mallard/Interior Alaska/11CH00019/2011,H4N6,NIGSP_CEIRS_CIP105_RUNC_00117,Influenza A virus (A/mallard/Interior Alaska/11CH00019/2011(H4)),Influenza A virus (A/mallard/Interior Alaska/11CH00019/2011(H4N6)),,Complete,11CH00019,Y,After hatch year,AHY,AHY,F,Mallard,Mallard,Mallard,N/A,N/A,N/A,N/A,9-Sep-2011,65.00944,-149.54833,Cloaca,,,,,,,,,,,,
A/American wigeon/Interior Alaska/11CH00036/2011,H4N6,NIGSP_CEIRS_CIP105_RUNC_00118,Influenza A virus (A/American wigeon/Interior Alaska/11CH00036/2011(H4)),Influenza A virus (A/American wigeon/Interior Alaska/11CH00036/2011(H4N6)),,Complete,11CH00036,Y,Hatch year,HY,HY,M,American wigeon,American wigeon,American wigeon,N/A,N/A,N/A,N/A,10-Sep-2011,65.00944,-149.54833,Cloaca,,,,,,,,,,,,
A/American green-winged teal/Interior Alaska/11CH00044/2011,H3N8,NIGSP_CEIRS_CIP105_RUNC_00119,Influenza A virus (A/American green-winged teal/Interior Alaska/11CH00044/2011(H3N8)),Influenza A virus (A/American green-winged teal/Interior Alaska/11CH00044/2011(H3N8)),,Complete,11CH00044,Y,Hatch year,HY,HY,F,American green-winged teal,American green-winged teal,American green-winged teal,N/A,N/A,N/A,N/A,10-Sep-2011,65.00944,-149.54833,Cloaca,,,,,,,,,,,,
A/mallard/Interior Alaska/11GS00015/2011,H4N6,NIGSP_CEIRS_CIP105_RUNC_00122,Influenza A virus (A/mallard/Interior Alaska/11GS00015/2011(H4)),Influenza A virus (A/mallard/Interior Alaska/11GS00015/2011(H4N6)),,Complete,11GS00015,,Hatch year,,HY,Unknown,Mallard,,Mallard,,,,,8-Oct-2011,64.84215,-147.811054,Cloaca,,,,,,,,,,,,
A/mallard/Interior Alaska/11GS00021/2011,H4N6,NIGSP_CEIRS_CIP105_RUNC_00123,Influenza A virus (A/mallard/Interior Alaska/11GS00021/2011(H4)),Influenza A virus (A/mallard/Interior Alaska/11GS00021/2011(H4N6)),,Complete,11GS00021,,After hatch year,,AHY,Unknown,Mallard,,Mallard,,,,,8-Oct-2011,64.84215,-147.811054,Cloaca,,,,,,,,,,,,
A/mallard/Interior Alaska/11ML00030/2011,H4N6,NIGSP_CEIRS_CIP105_RUNC_00155,Influenza A virus (A/mallard/Interior Alaska/11ML00030/2011(H4)),Influenza A virus (A/mallard/Interior Alaska/11ML00030/2011(H4N6)),,Complete,11ML00030,,Hatch year,,HY,Unknown,Mallard,,Mallard,,,,,9-Sep-2011,65.182501,-148.925224,Cloaca,,,,,,,,,,,,
A/northern pintail/Interior Alaska/11ML00035/2011,H4N6,NIGSP_CEIRS_CIP105_RUNC_00156,Influenza A virus (A/Northern pintail/Interior Alaska/11ML00035/2011(H4)),Influenza A virus (A/northern pintail/Interior Alaska/11ML00035/2011(H4N6)),,Complete,11ML00035,,Hatch year,,HY,Unknown,Northern pintail,,Northern pintail,,,,,9-Sep-2011,65.182501,-148.925224,Cloaca,,,,,,,,,,,,
A/northern shoveler/Interior Alaska/11ML00037/2011,H4N6,NIGSP_CEIRS_CIP105_RUNC_00157,Influenza A virus (A/Northern shoveler/Interior Alaska/11ML00037/2011(H4)),Influenza A virus (A/northern shoveler/Interior Alaska/11ML00037/2011(H4N6)),,Complete,11ML00037,,Hatch year,,HY,Unknown,Northern shoveler,,Northern shoveler,,,,,9-Sep-2011,65.182501,-148.925224,Cloaca,,,,,,,,,,,,
A/American green-winged teal/Interior Alaska/11ML00038/2011,H3N8,NIGSP_CEIRS_CIP105_RUNC_00158,Influenza A virus (A/American green-winged teal/Interior Alaska/11ML00038/2011(H3N8)),Influenza A virus (A/American green-winged teal/Interior Alaska/11ML00038/2011(H3N8)),,Complete,11ML00038,,Hatch year,,HY,Unknown,American green-winged teal,,American green-winged teal,,,,,9-Sep-2011,65.182501,-148.925224,Cloaca,,,,,,,,,,,,
A/mallard/Interior Alaska/11ML00058/2011,H7N3,NIGSP_CEIRS_CIP105_RUNC_00159,Influenza A virus (A/mallard/Interior Alaska/11ML00058/2011(H7)),Influenza A virus (A/mallard/Interior Alaska/11ML00058/2011(H7N3)),,Complete,11ML00058,,Hatch year,,HY,Unknown,Mallard,,Mallard,,,,,21-Sep-2011,64.904056,-148.764772,Cloaca,,,,,,,,,,,,
A/northern pintail/Interior Alaska/11ML00065/2011,H3N6,NIGSP_CEIRS_CIP105_RUNC_00160,Influenza A virus (A/Northern pintail/Interior Alaska/11ML00065/2011(H3)),Influenza A virus (A/northern pintail/Interior Alaska/11ML00065/2011(H3N6)),,Complete,11ML00065,,Hatch year,,HY,Unknown,Northern pintail,,Northern pintail,,,,,24-Sep-2011,65.182501,-148.925224,Cloaca,,,,,,,,,,,,
A/mallard/Interior Alaska/11ML00069/2011,H2N3,NIGSP_CEIRS_CIP105_RUNC_00161,Influenza A virus (A/mallard/Interior Alaska/11ML00069/2011(H2)),Influenza A virus (A/mallard/Interior Alaska/11ML00069/2011(H2N3)),,Complete,11ML00069,,After hatch year,,AHY,Unknown,Mallard,,Mallard,,,,,24-Sep-2011,65.182501,-148.925224,Cloaca,,,,,,,,,,,,
A/mallard/Interior Alaska/11ML00070/2011,H3N8,NIGSP_CEIRS_CIP105_RUNC_00162,Influenza A virus (A/mallard/Interior Alaska/11ML00070/2011(H3)),Influenza A virus (A/mallard/Interior Alaska/11ML00070/2011(H3N8)),,Complete,11ML00070,,After hatch year,,AHY,Unknown,Mallard,,Mallard,,,,,24-Sep-2011,65.182501,-148.925224,Cloaca,,,,,,,,,,,,
A/goose/Interior Alaska/11PG00148/2011,H6N1,NIGSP_CEIRS_CIP105_RUNC_00163,Influenza A virus (A/goose/Interior Alaska/11PG00148/2011(H6)),Influenza A virus (A/goose/Interior Alaska/11PG00148/2011(H6N1)),,Complete,11PG00148,,Unknown,,U,Unknown,Goose,,Goose,,,,,4-May-2011,64.861097,-147.736582,Feces,,,,,,,,,,,,
A/goose/Interior Alaska/11PG00149/2011,H6N1,NIGSP_CEIRS_CIP105_RUNC_00164,Influenza A virus (A/goose/Interior Alaska/11PG00149/2011(H6)),Influenza A virus (A/goose/Interior Alaska/11PG00149/2011(H6N1)),,Complete,11PG00149,,Unknown,,U,Unknown,Goose,,Goose,,,,,4-May-2011,64.861097,-147.736582,Feces,,,,,,,,,,,,
A/goose/Interior Alaska/11PG00437/2011,H2N3,NIGSP_CEIRS_CIP105_RUNC_00165,Influenza A virus (A/goose/Interior Alaska/11PG00437/2011(H2N3)),Influenza A virus (A/goose/Interior Alaska/11PG00437/2011(H2N3)),,Complete,11PG00437,,Unknown,,U,Unknown,Goose,,Goose,,,,,20-Jul-2011,64.86249,-147.736534,Feces,,,,,,,,,,,,
A/duck/Interior Alaska/11PG00451/2011,H2N3,NIGSP_CEIRS_CIP105_RUNC_00166,Influenza A virus (A/duck/Interior Alaska/11PG00451/2011(H2N3)),Influenza A virus (A/duck/Interior Alaska/11PG00451/2011(H2N3)),,Complete,11PG00451,,Unknown,,U,Unknown,Duck,,Duck,,,,,25-Jul-2011,64.86249,-147.736534,Feces,,,,,,,,,,,,
A/duck/Interior Alaska/11PG00459/2011,H2N3,NIGSP_CEIRS_CIP105_RUNC_00167,Influenza A virus (A/duck/Interior Alaska/11PG00459/2011(H2N3)),Influenza A virus (A/duck/Interior Alaska/11PG00459/2011(H2N3)),,Complete,11PG00459,,Unknown,,U,Unknown,Duck,,Duck,,,,,25-Jul-2011,64.86249,-147.736534,Feces,,,,,,,,,,,,
A/duck/Interior Alaska/11PG00703/2011,mixed,NIGSP_CEIRS_CIP105_RUNC_00169,Influenza A virus (A/duck/Interior Alaska/11PG00703/2011(HN)),Influenza A virus (A/duck/Interior Alaska/11PG00703/2011(mixed)),"Sequence data indicate that the sample was mix-infected, and the genotype is H3,13N6,8.",Draft,11PG00703,,Unknown,,U,Unknown,Duck,,Duck,,,,,17-Aug-2011,64.86249,-147.736534,Feces,,,,,,,,,,,,
A/duck/Interior Alaska/11PG00704/2011,H3N8,NIGSP_CEIRS_CIP105_RUNC_00170,Influenza A virus (A/duck/Interior Alaska/11PG00704/2011(H3)),Influenza A virus (A/duck/Interior Alaska/11PG00704/2011(H3N8)),,Complete,11PG00704,,Unknown,,U,Unknown,Duck,,Duck,,,,,17-Aug-2011,64.86249,-147.736534,Feces,,,,,,,,,,,,
A/duck/Interior Alaska/11PG00730/2011,H3N8,NIGSP_CEIRS_CIP105_RUNC_00171,Influenza A virus (A/duck/Interior Alaska/11PG00730/2011(H3)),Influenza A virus (A/duck/Interior Alaska/11PG00730/2011(H3N8)),,Complete,11PG00730,,Unknown,,U,Unknown,Duck,,Duck,,,,,19-Aug-2011,64.86249,-147.736534,Feces,,,,,,,,,,,,
A/goose/Interior Alaska/11PG00987/2011,H3N8,NIGSP_CEIRS_CIP105_RUNC_00173,Influenza A virus (A/goose/Interior Alaska/11PG00987/2011(H3)),Influenza A virus (A/goose/Interior Alaska/11PG00987/2011(H3N8)),,Complete,11PG00987,,Unknown,,U,Unknown,Goose,,Goose,,,,,14-Sep-2011,64.86249,-147.736534,Feces,,,,,,,,,,,,
A/mallard/Interior Alaska/12ML00034/2012,H3N8,NIGSP_CEIRS_CIP105_RUNC_00019,Influenza A virus (A/mallard/Interior Alaska/12ML00034/2012(HN)),Influenza A virus (A/mallard/Interior Alaska/12ML00034/2012(H3N8)),,Complete,12ML00034,,Hatch year,,HY,Unknown,Mallard,,Mallard,,,,,19-Aug-2012,64.951581,-146.246904,Cloacal,,,,,,,,,,,,
A/mallard/Interior Alaska/12ML00058/2012,H8N4,NIGSP_CEIRS_CIP105_RUNC_00020,Influenza A virus (A/mallard/Interior Alaska/12ML00058/2012(HN)),Influenza A virus (A/mallard/Interior Alaska/12ML00058/2012(H8N4)),,Complete,12ML00058,,Hatch year,,HY,Unknown,Mallard,,Mallard,,,,,20-Sep-2012,64.951581,-146.246904,Cloacal,,,,,,,,,,,,
A/mallard/Interior Alaska/12ML00059/2012,H2N9,NIGSP_CEIRS_CIP105_RUNC_00021,Influenza A virus (A/mallard/Interior Alaska/12ML00059/2012(HN)),Influenza A virus (A/mallard/Interior Alaska/12ML00059/2012(H2N9)),,Complete,12ML00059,,Hatch year,,HY,Unknown,Mallard,,Mallard,,,,,20-Sep-2012,64.951581,-146.246904,Oral-pharyngeal,,,,,,,,,,,,
A/mallard/Interior Alaska/12ML00064/2012,H2N4,NIGSP_CEIRS_CIP105_RUNC_00022,Influenza A virus (A/mallard/Interior Alaska/12ML00064/2012(HN)),Influenza A virus (A/mallard/Interior Alaska/12ML00064/2012(H2N4)),,Complete,12ML00064,,After hatch year,,AHY,Unknown,Mallard,,Mallard,,,,,20-Sep-2012,64.951581,-146.246904,Cloacal,,,,,,,,,,,,
A/mallard/Interior Alaska/12ML00076/2012,H8N4,NIGSP_CEIRS_CIP105_RUNC_00023,Influenza A virus (A/mallard/Interior Alaska/12ML00076/2012(HN)),Influenza A virus (A/mallard/Interior Alaska/12ML00076/2012(H8N4)),,Complete,12ML00076,,Hatch year,,HY,Unknown,Mallard,,Mallard,,,,,20-Sep-2012,64.951581,-146.246904,Cloacal,,,,,,,,,,,,
A/mallard/Interior Alaska/12ML00086/2012,mixed,NIGSP_CEIRS_CIP105_RUNC_00024,Influenza A virus (A/mallard/Interior Alaska/12ML00086/2012(HN)),Influenza A virus (A/mallard/Interior Alaska/12ML00086/2012(mixed)),"Sequence data indicate that the sample was mix-infected, and the genotype is H3N8,9.",Complete,12ML00086,,Unknown,,U,Unknown,Mallard,,Mallard,,,,,20-Sep-2012,64.951581,-146.246904,Cloacal,,,,,,,,,,,,
A/mallard/Interior Alaska/12ML00098/2012,H3N8,NIGSP_CEIRS_CIP105_RUNC_00025,Influenza A virus (A/mallard/Interior Alaska/12ML00098/2012(HN)),Influenza A virus (A/mallard/Interior Alaska/12ML00098/2012(H3N8)),,Complete,12ML00098,,Unknown,,U,Unknown,Mallard,,Mallard,,,,,20-Sep-2012,64.951581,-146.246904,Cloacal,,,,,,,,,,,,
A/mallard/Interior Alaska/12ML00120/2012,H8N4,NIGSP_CEIRS_CIP105_RUNC_00026,Influenza A virus (A/mallard/Interior Alaska/12ML00120/2012(HN)),Influenza A virus (A/mallard/Interior Alaska/12ML00120/2012(H8N4)),,Complete,12ML00120,,Unknown,,U,Unknown,Mallard,,Mallard,,,,,20-Sep-2012,64.951581,-146.246904,Cloacal,,,,,,,,,,,,
,,,,,,,,,,,,,,,,,,,,,,,,,,,,,,,,,,,
,,,,,,,,,,,,,,,,,,,,,,,,,,,,,,,,,,,
,,,,,,,,,,,,,,,,,,,,,,,,,,,,,,,,,,,
,,,,,,,,,,,,,,,,,,,,,,,,,,,,,,,,,,,
,,,,,,,,,,,,,,,,,,,,,,,,,,,,,,,,,,,
,,,,,,,,,,,,,,,,,,,,,,,,,,,,,,,,,,,
,,,,,,,,,,,,,,,,,,,,,,,,,,,,,,,,,,,
,,,,,,,,,,,,,,,,,,,,,,,,,,,,,,,,,,,
,,,,,,,,,,,,,,,,,,,,,,,,,,,,,,,,,,,
,,,,,,,,,,,,,,,,,,,,,,,,,,,,,,,,,,,
,,,,,,,,,,,,,,,,,,,,,,,,,,,,,,,,,,,
,,,,,,,,,,,,,,,,,,,,,,,,,,,,,,,,,,,
,,,,,,,,,,,,,,,,,,,,,,,,,,,,,,,,,,,